Workbook

Sheet DASHBOARD
B16: Task ID | C16: Task Name | D16: Team | E16: Task Owner | F16: Start Date | G16: Due Date | H16: Task Duration | I16: Status | J16: Overdue? | K16: Comments
B17: T001 | C17: Prepare Q4 Financial Report | D17: Finance | E17: Sarah Johnson | F17: 45902 | G17: 45920 | H17: =Table1[[#This Row],[Due Date]]-Table1[[#This Row],[Start Date]] -> 18 | I17: Completed | J17: =AND(Table1[[#This Row],[Status]]<>"Completed",Table1[[#This Row],[Due Date]]<TODAY()) -> FALSE | K17: Submitted to CFO for review.
B18: T002 | C18: Conduct Market Research | D18: Strategy | E18: Sarah Johnson | F18: 45905 | G18: 45925 | H18: =Table1[[#This Row],[Due Date]]-Table1[[#This Row],[Start Date]] -> 20 | I18: Completed | J18: =AND(Table1[[#This Row],[Status]]<>"Completed",Table1[[#This Row],[Due Date]]<TODAY()) -> FALSE | K18: Draft findings ready; awaiting survey data.
B19: T003 | C19: Redesign Website Homepage | D19: Strategy | E19: David Kim | F19: 45848 | G19: 45874 | H19: =Table1[[#This Row],[Due Date]]-Table1[[#This Row],[Start Date]] -> 26 | I19: In Progress | J19: =AND(Table1[[#This Row],[Status]]<>"Completed",Table1[[#This Row],[Due Date]]<TODAY()) -> TRUE | K19: Wireframes approved; development in progress.
B20: T004 | C20: Update Sales Forecast for FY2026 | D20: Finance | E20: Sarah Johnson | F20: 45912 | G20: 45930 | H20: =Table1[[#This Row],[Due Date]]-Table1[[#This Row],[Start Date]] -> 18 | I20: Completed | J20: =AND(Table1[[#This Row],[Status]]<>"Completed",Table1[[#This Row],[Due Date]]<TODAY()) -> FALSE | K20: Final version shared with Sales Director.
B21: T005 | C21: Implement CRM Upgrade | D21: Strategy | E21: James Miller | F21: 45915 | G21: 45940 | H21: =Table1[[#This Row],[Due Date]]-Table1[[#This Row],[Start Date]] -> 25 | I21: In Progress | J21: =AND(Table1[[#This Row],[Status]]<>"Completed",Table1[[#This Row],[Due Date]]<TODAY()) -> TRUE | K21: Vendor confirmed delivery timeline.
B22: T006 | C22: Plan Annual Company Retreat | D22: HR | E22: David Kim | F22: 45918 | G22: 45945 | H22: =Table1[[#This Row],[Due Date]]-Table1[[#This Row],[Start Date]] -> 27 | I22: In Progress | J22: =AND(Table1[[#This Row],[Status]]<>"Completed",Table1[[#This Row],[Due Date]]<TODAY()) -> TRUE | K22: Venue options being shortlisted.
B23: T007 | C23: Review Legal for Contracts | D23: HR | E23: Alex Chen | F23: 45889 | G23: 45896 | H23: =Table1[[#This Row],[Due Date]]-Table1[[#This Row],[Start Date]] -> 7 | I23: Not Started | J23: =AND(Table1[[#This Row],[Status]]<>"Completed",Table1[[#This Row],[Due Date]]<TODAY()) -> TRUE | K23: Updated contracts aligned with new regulation.
B24: T008 | C24: Launch Social Media Campaign | D24: Marketing | E24: Alex Chen | F24: 45922 | G24: 45942 | H24: =Table1[[#This Row],[Due Date]]-Table1[[#This Row],[Start Date]] -> 20 | I24: In Progress | J24: =AND(Table1[[#This Row],[Status]]<>"Completed",Table1[[#This Row],[Due Date]]<TODAY()) -> TRUE | K24: Initial creatives approved, campaign scheduled.
B25: T009 | C25: Recruit New Data Analyst | D25: HR | E25: Sarah Johnson | F25: 45923 | G25: 45950 | H25: =Table1[[#This Row],[Due Date]]-Table1[[#This Row],[Start Date]] -> 27 | I25: Completed | J25: =AND(Table1[[#This Row],[Status]]<>"Completed",Table1[[#This Row],[Due Date]]<TODAY()) -> FALSE | K25: First round of interviews completed.
B26: T010 | C26: Conduct Employee Survey | D26: HR | E26: Sarah Johnson | F26: 45924 | G26: 45935 | H26: =Table1[[#This Row],[Due Date]]-Table1[[#This Row],[Start Date]] -> 11 | I26: In Progress | J26: =AND(Table1[[#This Row],[Status]]<>"Completed",Table1[[#This Row],[Due Date]]<TODAY()) -> TRUE | K26: Survey questions finalized.
B27: T011 | C27: Prepare Investor Presentation | D27: Finance | E27: David Kim | F27: 45925 | G27: 45932 | H27: =Table1[[#This Row],[Due Date]]-Table1[[#This Row],[Start Date]] -> 7 | I27: Completed | J27: =AND(Table1[[#This Row],[Status]]<>"Completed",Table1[[#This Row],[Due Date]]<TODAY()) -> FALSE | K27: Draft slides ready; awaiting financial highlights.
B28: T012 | C28: Upgrade Infrastructure | D28: Strategy | E28: Sarah Johnson | F28: 45926 | G28: 45960 | H28: =Table1[[#This Row],[Due Date]]-Table1[[#This Row],[Start Date]] -> 34 | I28: Completed | J28: =AND(Table1[[#This Row],[Status]]<>"Completed",Table1[[#This Row],[Due Date]]<TODAY()) -> FALSE | K28: External consultant engagement pending.
... B30: T014 | C30: Draft Q1 Marketing Strategy | D30: Strategy | E30: Emily Davis | F30: 45928 | G30: 45948 | H30: =Table1[[#This Row],[Due Date]]-Table1[[#This Row],[Start Date]] -> 20 | I30: Completed | J30: =AND(Table1[[#This Row],[Status]]<>"Completed",Table1[[#This Row],[Due Date]]<TODAY()) -> FALSE | K30: Kick-off meeting scheduled next week.
B31: T015 | C31: Audit Internal Expense Reports | D31: Finance | E31: Emily Davis | F31: 45929 | G31: 45934 | H31: =Table1[[#This Row],[Due Date]]-Table1[[#This Row],[Start Date]] -> 5 | I31: Not Started | J31: =AND(Table1[[#This Row],[Status]]<>"Completed",Table1[[#This Row],[Due Date]]<TODAY()) -> TRUE | K31: Waiting for submission of all departmental reports. | Q31: a

Sheet SUPPORT SHEET
B2: Status | C2: Count | E2: Owners | F2: Count | H2: Team | I2: Count | K2: Overdue
B3: Completed | C3: =COUNTIF(Table1[Status],'SUPPORT SHEET'!B3) -> 7 | E3: Sarah Johnson | F3: =COUNTIF(Table1[Task Owner],'SUPPORT SHEET'!E3) -> 6 | H3: Finance | I3: =COUNTIF(Table1[Team],'SUPPORT SHEET'!H3) -> 4 | K3: =COUNTIF(Table1[Overdue?],TRUE) -> 8
B4: In Progress | C4: =COUNTIF(Table1[Status],'SUPPORT SHEET'!B4) -> 6 | E4: David Kim | F4: =COUNTIF(Table1[Task Owner],'SUPPORT SHEET'!E4) -> 3 | H4: Strategy | I4: =COUNTIF(Table1[Team],'SUPPORT SHEET'!H4) -> 6
B5: Not Started | C5: =COUNTIF(Table1[Status],'SUPPORT SHEET'!B5) -> 2 | E5: James Miller | F5: =COUNTIF(Table1[Task Owner],'SUPPORT SHEET'!E5) -> 1 | H5: HR | I5: =COUNTIF(Table1[Team],'SUPPORT SHEET'!H5) -> 4
B6: Total | C6: =SUM(C3:C5) -> 15 | E6: Alex Chen | F6: =COUNTIF(Table1[Task Owner],'SUPPORT SHEET'!E6) -> 2 | H6: Marketing | I6: =COUNTIF(Table1[Team],'SUPPORT SHEET'!H6) -> 1
E7: Emily Davis | F7: =COUNTIF(Table1[Task Owner],'SUPPORT SHEET'!E7) -> 3
